"Table S3. List of deferential expressed maize genes for at least one time point (+/- > 2 fold changed) with P value < 0.05, FDR adjusted, used for PLD-SA analysis (Fig. 1A), and clustering over-representation (Fig. 2) and PageMan analysis (Fig. S2). ",
,
Gene ID,Annotation
GRMZM2G079616,10-deacetylbaccatin III 10-O-acetyltransferase
GRMZM2G108714,10-deacetylbaccatin III 10-O-acetyltransferase
GRMZM2G094428,10-deacetylbaccatin III-10-O-acetyl transferase-like
GRMZM2G148281,12-oxophytodienoate reductase 3
AC212219.3_FG005,1-aminocyclopropane-1-carboxylate oxidase
GRMZM2G072529,1-aminocyclopropane-1-carboxylate oxidase
GRMZM2G099467,1-aminocyclopropane-1-carboxylate oxidase
GRMZM2G144668,1-aminocyclopropane-1-carboxylate oxidase
GRMZM2G166639,1-aminocyclopropane-1-carboxylate oxidase
GRMZM2G162158,1-aminocyclopropane-1-carboxylate oxidase 1
GRMZM2G007140,1-aminocyclopropane-1-carboxylate oxidase-like protein
GRMZM2G493395,1-deoxy-D-xylulose 5-phosphate synthase
GRMZM2G137435,"1-phosphatidylinositol-4,5-bisphosphate phosphodiesterase (Phosphoinositide-specific phospholipase c)"
AC209374.4_FG002,"2-C-methyl-D-erythritol 2,4-cyclodiphosphate synthase"
GRMZM2G123544,2-phosphoglycerate kinase-related protein
GRMZM2G092813,2-succinylbenzoate-CoA ligase
GRMZM2G105330,2-succinylbenzoate-CoA ligase
GRMZM2G120539,2-succinylbenzoate-CoA ligase
GRMZM5G812228,2-succinylbenzoate--CoA ligase
AC225147.4_FG002,30S ribosomal protein S12
GRMZM2G003853,3-beta-hydroxysteroid-delta-isomerase
GRMZM2G052418,3-demethylubiquinone-9 3-methyltransferase
GRMZM2G010044,3-isopropylmalate dehydratase large subunit 2
GRMZM2G149636,3-ketoacyl-CoA synthase
GRMZM2G010596,3-methyl-2-oxobutanoate hydroxymethyltransferase
GRMZM2G078500,"4,5-DOPA dioxygenase extradiol"
AC192362.3_FG003,40S ribosomal protein S23
AC205886.3_FG001,40S ribosomal protein S4
GRMZM2G005640,40S ribosomal protein S4
GRMZM2G075333,4-coumarate CoA ligase
GRMZM2G174732,4-coumarate:CoA ligase
GRMZM2G048522,4-coumarate:coA ligase 2
GRMZM2G088396,4-hydroxyphenylpyruvate dioxygenase
AC192244.3_FG007,4-phosphopantetheine adenylyltransferase
GRMZM2G149751,5-methyltetrahydropteroyltriglutamate-homocysteine methyltransferase
GRMZM2G112149,5-methyltetrahydropteroyltriglutamate--homocysteine methyltransferase
AC215201.3_FG005,60 kDa chaperonin
GRMZM2G042253,60 kDa chaperonin
GRMZM2G008649,"60 kDa jasmonate-induced protein, putative"
AC196489.3_FG002,60S ribosomal protein L12
AC230013.2_FG007,60S ribosomal protein L18a
AC197246.3_FG003,60S ribosomal protein L32
AC206642.4_FG001,60S ribosomal protein L35
GRMZM2G009936,60S ribosomal protein L36
AC190609.3_FG002,60S ribosomal protein L38
GRMZM2G001363,6-phospho-3-hexuloisomerase
GRMZM2G440208,"6-phosphogluconate dehydrogenase, decarboxylating"
GRMZM2G310431,70 kDa heat shock protein
GRMZM2G428391,70 kDa heat shock protein
GRMZM5G802801,70 kDa heat shock protein
GRMZM2G076152,91A protein
GRMZM2G172485,A_IG002N01.13 protein
AC190628.4_FG007,AAA-type ATPase family protein
GRMZM2G028129,AAA-type ATPase-like
GRMZM2G361256,ABC transporter C family member
GRMZM2G319138,ABC transporter G family member
GRMZM2G366146,ABC transporter G family member
GRMZM2G415529,ABC transporter G family member
GRMZM5G874955,ABC transporter G family member 40
GRMZM2G005444,Abhydrolase domain-containing protein
AC194914.3_FG002,Abscisic acid receptor PYR1
GRMZM2G052100,Abscisic stress ripening protein 1
AC197672.3_FG002,Acetyl-CoA carboxylase
GRMZM2G089836,"Acid beta-fructofuranosidase, putative"
GRMZM2G371793,Acid phosphatase-like
GRMZM2G453805,Acidic endochitinase
GRMZM2G049912,Actin cross-linking protein
GRMZM5G883250,Actin cross-linking protein
AC205703.4_FG002,Actin-like protein 3
GRMZM2G010944,Activator of 90 kDa heat shock protein ATPase
GRMZM2G119305,Acyl-[acyl-carrier-protein] desaturase
GRMZM2G009888,Acyl-coenzyme A thioesterase
GRMZM2G143187,Adenosine 3'-phospho 5'-phosphosulfate transporter
GRMZM2G540538,Adenosine kinase 2
GRMZM2G015295,Adenosylhomocysteinase
GRMZM2G122503,Alcohol acyl transferase
GRMZM2G154007,Alcohol dehydrogenase 1
GRMZM2G098346,Alcohol dehydrogenase 2
GRMZM2G152975,"Alcohol dehydrogenase 2, putative, expressed"
GRMZM2G167613,"Alcohol dehydrogenase, putative"
GRMZM2G443445,"Alcohol dehydrogenase, putative"
GRMZM2G097706,Aldehyde dehydrogenase
GRMZM2G124175,"Aldehyde oxidase 1, putative, expressed"
GRMZM5G899851,"Aldehyde oxidase 1, putative, expressed"
GRMZM2G111954,Aldo/keto reductase family-like protein
GRMZM2G041356,Aldose 1-epimerase
GRMZM2G087507,Aldose reductase
GRMZM2G067225,Allene oxide synthase
GRMZM2G073725,"Alpha-1,4-glucan-protein synthase [UDP-forming], putative"
GRMZM2G087326,"Alpha-1,4-glucan-protein synthase [UDP-forming], putative"
GRMZM2G107956,"Alpha-1,6-mannosyltransferase subunit, putative"
GRMZM2G414503,"Alpha-2,8-sialyltransferase 8B 1"
GRMZM5G863596,"Alpha-amylase, putative"
GRMZM2G095126,Alpha-galactosidase
GRMZM2G428518,Alpha-glucosidase
GRMZM2G006130,Alpha-N-arabinofuranosidase A
GRMZM2G136508,Amino acid permease
GRMZM2G137161,Amino acid transporter
GRMZM2G066428,Amino acid transporter-like
GRMZM2G127350,Aminotransferase like protein
GRMZM2G125775,AN1-type zinc finger protein 2B
AC215244.3_FG002,Ankyrin repeat domain-containing protein 2
GRMZM2G088778,"Ankyrin repeat family protein, putative, expressed"
GRMZM2G042107,Ankyrin repeat-containing protein
GRMZM2G123977,Ankyrin-repeat protein
GRMZM2G061950,Annexin
GRMZM2G051219,Anthranilate phosphoribosyltransferase
AC208110.2_FG006,"Antigen 332, putative"
AC198725.4_FG007,"AP-2 complex subunit beta-1, putative"
GRMZM2G059939,AP2 domain-containing transcription factor
GRMZM2G159592,AP2 domain-containing transcription factor
AC205677.3_FG001,AP-3 complex subunit beta-2
GRMZM2G047368,Aquaporin 7
GRMZM2G154628,Aquaporin 7
GRMZM2G041980,Aquaporin NIP1.2
GRMZM2G137108,Aquaporin protein 10
GRMZM2G423643,"Arf-GAP with SH3 domain, ANK repeat and PH domain-containing protein 2"
GRMZM2G374302,Arginine decarboxylase
GRMZM2G105250,ARGONAUTE 1
GRMZM2G082032,Asparaginase
GRMZM2G531230,Asparaginase
GRMZM2G078472,Asparagine synthetase
GRMZM2G153977,Aspartic proteinase
GRMZM2G079490,"Aspartic proteinase nepenthesin-1, putative"
GRMZM2G089506,Aspartic proteinase nepenthesin-2
GRMZM2G168431,Aspartic proteinase nepenthesin-2
GRMZM2G339736,"Aspartic proteinase nepenthesin-2, putative"
GRMZM2G102933,"Aspartic proteinase, putative"
GRMZM2G168115,Aspartic proteinase-like protein
GRMZM2G136712,Aspartokinase-homoserine dehydrogenase
AC155377.1_FG002,Aspartyl protease family protein
AC190609.3_FG004,Aspartyl protease-like protein
GRMZM2G140989,At4g14280-like protein
GRMZM2G180920,AT4g35320/F23E12_120
GRMZM2G038931,AT5g10580/F12B17_70
GRMZM2G007384,AT5g12120/MXC9_8
GRMZM2G001541,AT5G12900-like protein
AC205057.3_FG002,AT5G28150-like protein
GRMZM2G145041,At5g37260-like protein
GRMZM2G121621,AT5g44670/K15C23_12
GRMZM2G119975,ATFP4
GRMZM2G009638,ATP synthase gamma chain
GRMZM2G178645,"ATPase, AAA family protein, expressed"
AC198418.3_FG005,ATP-dependent RNA helicase
GRMZM2G000371,"ATP-dependent RNA helicase, putative"
GRMZM2G138770,ATP-dependent zinc metalloprotease FtsH
GRMZM2G310947,ATP-dependent zinc metalloprotease FtsH
GRMZM5G893912,ATP-dependent zinc metalloprotease FtsH
AC207656.3_FG002,Auxin response factor 19
GRMZM2G006042,Auxin response factor 28
GRMZM2G050080,Auxin responsive protein-like
GRMZM2G057467,Auxin-induced protein-like
GRMZM2G005146,Auxin-repressed protein
GRMZM2G000158,Auxin-responsive protein
GRMZM2G001799,Auxin-responsive protein
GRMZM2G004696,Auxin-responsive protein
GRMZM2G159285,Auxin-responsive protein
GRMZM2G054807,Avr9/Cf-9 rapidly elicited protein 137
GRMZM2G145313,Avr9/Cf-9 rapidly elicited protein 137
AC234158.1_FG005,"BAH domain-containing protein, putative"
GRMZM2G129266,Benzoyl coenzyme A: benzyl alcohol benzoyl transferase
GRMZM2G065585,"Beta 1,3 glucanase"
GRMZM2G055313,"Beta-1,3-galactosyl-O-glycosyl-glycoprotein beta-1,6-N-acetylglucosaminyltransferase"
GRMZM2G072406,"Beta-1,3-galactosyltransferase 6"
GRMZM2G149935,"Beta-1,3-galactosyltransferase-like protein"
GRMZM2G079682,"Beta-1,4-mannosyl-glycoprotein 4-beta-N-acetylglucosaminyltransferase"
GRMZM5G803981,Beta-amylase
GRMZM2G018716,Beta-fructofuranosidase
AC148152.3_FG008,Beta-glucosidase
AC217401.3_FG002,Beta-glucosidase
GRMZM2G031660,Beta-glucosidase
AC155376.2_FG005,Beta-glucosidase G4
GRMZM2G000812,Bidirectional sugar transporter N3
GRMZM2G324903,Bidirectional sugar transporter N3
GRMZM2G028665,Bifunctional nuclease 1
AC233922.1_FG005,Bifunctional protein folD
GRMZM2G099092,Blight-associated protein p12
GRMZM2G023847,Blue copper protein
GRMZM2G027198,Blue copper protein
GRMZM2G053779,Blue copper protein
GRMZM2G001820,BNR/Asp-box repeat domain protein (Precursor)
GRMZM2G007928,Bowman-Birk proteinase inhibitor
GRMZM2G075315,Bowman-Birk trypsin inhibitor-like protein
GRMZM2G116520,Bowman-Birk type trypsin inhibitor
GRMZM2G011523,Bowman-Birk type wound-induced proteinase inhibitor WIP1
GRMZM2G000980,"Branchpoint-bridging protein, putative"
GRMZM2G006083,Bromodomain containing protein
GRMZM2G000909,BTB/POZ domain-containing protein
GRMZM2G023346,BTB/POZ domain-containing protein
GRMZM5G800586,BURP domain-containing protein
AC203957.3_FG004,BZIP transcription factor
GRMZM2G177356,"C2 domain containing protein, expressed"
AC205122.4_FG003,C2 domain-containing protein
GRMZM2G032766,C2 domain-containing protein
GRMZM2G331393,C4-dicarboxylate transporter/malic acid transport protein
GRMZM2G003750,CAAX amino terminal protease family protein
GRMZM2G001221,Calcineurin B-like protein
GRMZM2G125704,Calcium-dependent protein kinase substrate protein
GRMZM2G109843,"Calcium-dependent protein kinase, putative"
AC190909.3_FG004,Callose synthase
GRMZM2G061723,Calmodulin binding protein
GRMZM2G176472,"Calmodulin-binding protein, putative, expressed"
GRMZM2G022972,Calmodulin-binding protein-like
GRMZM2G126749,Calmodulin-binding protein-like
GRMZM2G039362,Calmodulin-binding protein-like protein
GRMZM2G088819,Calmodulin-like protein
GRMZM2G028516,Calreticulin-3
GRMZM2G074687,Calreticulin-like protein
GRMZM2G358059,Calreticulin-like protein
GRMZM2G087259,Carbonic anhydrase
GRMZM2G164182,Carbonic anhydrase family protein
GRMZM2G168976,Carbonyl reductase 3
AC218900.3_FG001,Carboxylesterase 1
GRMZM2G092169,Carboxyl-terminal peptidase
GRMZM2G457287,Carboxyl-terminal peptidase
AC197699.3_FG002,Carotenoid cleavage dioxygenase
GRMZM2G056329,CASP-like protein
GRMZM5G805732,Cationic amino acid transporter 4
GRMZM2G014833,CBL-interacting protein kinase 12
GRMZM2G181081,CBL-interacting protein kinase 26
AC196066.3_FG003,CBS domain and transporter associated domain-containing protein
GRMZM2G009735,"CBS domain-containing protein, putative, expressed"
GRMZM2G350225,"CBS domain-containing protein, putative, expressed"
AC197122.3_FG003,CCR4-NOT transcription complex subunit 3
GRMZM2G131099,"cDNA clone:001-038-D11, full insert sequence"
GRMZM2G133430,"cDNA clone:001-038-D11, full insert sequence"
GRMZM2G449496,"cDNA clone:002-143-C11, full insert sequence"
GRMZM2G022699,"cDNA clone:006-303-A07, full insert sequence"
GRMZM2G125571,"cDNA clone:J023140A19, full insert sequence"
GRMZM2G003068,Cellular nucleic acid-binding protein
GRMZM2G027723,Cellulose synthase-2
GRMZM2G025231,Cellulose synthase-7
GRMZM2G177631,Cellulose synthase-8
GRMZM2G066578,CER1
AC209835.4_FG004,Chaperone protein ClpB
GRMZM2G001084,Chaperone protein ClpB 1
AC235541.1_FG002,Chaperone protein dnaJ
GRMZM2G007871,Chaperone protein dnaJ
GRMZM2G343149,Chaperone protein dnaJ
GRMZM2G448368,Chaperone protein dnaJ
GRMZM2G086964,"Chaperone protein dnaJ, putative"
GRMZM2G141931,Chaperone protein HtpG
GRMZM2G002220,Chaperone protein htpG family protein
GRMZM2G003417,"Chaperone-activity of bc1 complex-like, mitochondrial, putative"
AC205376.4_FG003,Chaperonin-like RbcX protein
AC210013.4_FG018,Chaperonin-like RbcX protein
GRMZM2G129189,Chitinase
GRMZM2G145461,Chitinase
GRMZM2G358153,Chitinase 1
GRMZM2G057093,Chitinase 2
GRMZM2G162505,Chitinase 2
GRMZM2G092427,"Chlorophyll A/B binding protein, putative"
GRMZM2G149428,"Chlorophyll a-b binding protein, chloroplastic"
GRMZM2G057281,"Chlorophyll a-b-binding protein 5, chloroplastic"
GRMZM2G103197,Chlorophyllase 2
GRMZM2G138258,Chloroplast lumen common protein family
GRMZM2G179454,Chorismate mutase
GRMZM2G042789,Chymotrypsin inhibitor-2
GRMZM2G131205,Cinnamoyl CoA reductase
GRMZM2G001991,Cinnamoyl CoA reductase-like
AC234526.1_FG005,"Cinnamoyl-CoA reductase, putative"
GRMZM2G004683,"Cinnamoyl-CoA reductase, putative"
GRMZM5G844562,Cinnamyl alcohol dehydrogenase
GRMZM2G014902,Circadian clock associated protein 1
GRMZM2G099454,Class II chitinase
AC187157.4_FG005,Class III homeobox-leucine zipper protein
AC207265.3_FG002,"Clathrin assembly protein, putative"
GRMZM2G016894,"Cleft lip and palate transmembrane protein, putative"
GRMZM2G081907,CLIP-associating protein-like
AC185226.4_FG001,Clustered mitochondria protein
AC155622.2_FG001,Coatomer alpha subunit
AC155622.2_FG004,Coatomer alpha subunit
GRMZM2G000645,"Coatomer beta subunit, putative"
GRMZM2G330945,Cold regulated protein 27
GRMZM5G815358,Cold regulated protein 27
GRMZM2G059029,Cold shock protein-1
AC235544.1_FG004,Conserved oligomeric Golgi complex subunit
GRMZM2G123843,Conserved oligomeric Golgi complex subunit
GRMZM2G345544,Copine-1
GRMZM2G003179,Copper transporter
AC211276.4_FG008,"Core-2/I-branching beta-1,6-N-acetylglucosaminyltransferase family protein"
GRMZM2G110395,"Core-2/I-branching beta-1,6-N-acetylglucosaminyltransferase family protein"
GRMZM2G124151,"Core-2/I-branching beta-1,6-N-acetylglucosaminyltransferase family protein"
GRMZM2G003108,CRAL/TRIO domain containing protein
AC199526.5_FG003,"CRS2-associated factor 2, chloroplastic"
AC155496.2_FG009,"Cullin-4B, putative, expressed"
AC177936.6_FG008,"Cullin-4B, putative, expressed"
GRMZM2G113512,Cyclin-dependent protein kinase-like protein
GRMZM2G042323,CYCLOPS
GRMZM2G091233,Cysteine/histidine-rich C1 domain-containing protein
AC185422.3_FG005,Cysteine-rich repeat secretory protein
GRMZM2G334181,Cysteine-rich repeat secretory protein
GRMZM2G387381,Cysteine-rich repeat secretory protein
GRMZM2G456997,Cysteine-rich secretory protein
GRMZM2G465226,Cysteine-rich secretory protein
GRMZM2G002851,Cysteine-tRNA ligase
GRMZM2G380088,Cytidine deaminase
GRMZM2G135385,Cytochrome b5
AC214350.3_FG007,"Cytochrome b-c1 complex subunit Rieske, mitochondrial"
AC210173.4_FG005,Cytochrome P450
GRMZM2G125482,Cytochrome P450
GRMZM2G172491,Cytochrome P450
GRMZM2G431288,Cytochrome P450
GRMZM5G864903,Cytochrome P450
GRMZM2G139874,Cytochrome P450 cinnamate 4-hydroxylase
GRMZM2G147245,Cytochrome P450 cinnamate 4-hydroxylase
GRMZM2G102079,"Cytochrome P450 family protein, expressed"
GRMZM5G851862,"Cytochrome P450 family protein, expressed"
GRMZM2G171118,"Cytochrome P450, putative"
GRMZM2G014395,Cytochrome P450-like
AC207342.3_FG008,DCD (Development and Cell Death) domain protein
GRMZM2G147014,Dehydrin
GRMZM2G373522,Dehydrin
GRMZM2G005710,Dehydroascorbate reductase
GRMZM2G070279,Dehydrogenase/reductase SDR family protein 7-like
GRMZM2G135277,Dehydrogenase/reductase SDR family protein 7-like
GRMZM2G458659,Dehydrogenase/reductase SDR family protein 7-like
AC182617.3_FG001,Diaminopimelate epimerase
AC233887.1_FG006,Digalactosyldiacylglycerol synthase 1
GRMZM2G053315,Dimethylaniline monooxygenase [N-oxide-forming]
GRMZM2G074611,Dirigent
GRMZM2G032602,Disease resistance protein
GRMZM2G174114,DNA binding protein-like
EF517601.1_FG025,DNA methyltransferase 1-associated protein
AC193754.3_FG008,"DNA mismatch repair protein MSH2, putative"
AC190788.2_FG005,"DNA mismatch repair protein mutS, putative"
GRMZM2G002626,DNA repair protein XRCC2-like protein
GRMZM2G121210,DNA topoisomerase 2
AC150739.3_FG001,"DNA-binding family protein, putative, expressed"
GRMZM2G174558,DNA-binding WRKY
AC197555.3_FG008,DNA-damage-repair/toleration protein DRT102
GRMZM2G013814,DnaJ domain containing protein
AC197056.3_FG005,DnaJ homolog subfamily C member
AC155624.2_FG011,DnaJ-class molecular chaperone with C-terminal Zn finger domain
GRMZM2G001895,DnaJ-like protein subfamily C member 13
GRMZM2G044281,"Dtdp-glucose 4,6-dehydratase, putative"
GRMZM2G000660,Dual-specificity protein-like phosphatase 3
GRMZM2G079389,Dymeclin
GRMZM2G003930,E3 ubiquitin-protein ligase MARCH2
GRMZM2G008864,Electron transfer flavoprotein beta-subunit
AC195172.3_FG001,Electron transfer flavoprotein subunit alpha
GRMZM2G082199,Elicitor-responsive protein 1
AC213463.3_FG002,"ELL-associated factor, putative"
AC203173.3_FG004,Elongation factor 2
GRMZM2G011006,Emb|CAB83157.1
GRMZM2G076844,Emb|CAB83157.1
GRMZM2G011404,EMB2756
GRMZM2G179301,"Endo-1,3;1,4-beta-D-glucanase"
GRMZM2G004856,"Endo-1,4-beta-xylanase"
GRMZM2G000451,"Endonuclease/Exonuclease/phosphatase family protein, expressed"
GRMZM2G014106,Enhancer of polycomb-like protein
GRMZM2G161472,Ent-kaurene oxidase
GRMZM2G093526,Ent-kaurene synthase B
AC214360.3_FG001,Ent-kaurene synthase-like protein 1
GRMZM2G392791,Epoxide hydrolase 2
AC203424.3_FG001,ER membrane protein complex subunit 1
GRMZM5G817559,Esterase/lipase/thioesterase-like protein
AC233979.1_FG006,Ethphon-induced protein
GRMZM2G014009,Ethphon-induced protein
AC194965.4_FG001,Ethylene receptor
GRMZM2G466044,Ethylene-responsive transcription factor 2
GRMZM2G474326,Ethylene-responsive transcription factor 2
GRMZM2G020150,Ethylene-responsive transcription factor 4
GRMZM2G002616,Eukaryotic translation initiation factor 4E-1
GRMZM2G111657,Exocyst complex component 7
GRMZM2G165301,Exocyst complex component 7
GRMZM2G006942,Exocyst complex component 84B
GRMZM2G347766,"Exostosin-2, putative"
GRMZM2G094990,Expansin protein
GRMZM2G114322,Expansin-like 3
GRMZM2G029101,Expp1 protein
AC234156.1_FG005,Fasciclin-like arabinogalactan protein 7
GRMZM2G001514,Fasciclin-like arabinogalactan protein 7
AC190750.2_FG014,F-box domain containing protein
AC233942.1_FG001,F-box domain containing protein
GRMZM2G038839,F-box domain containing protein
GRMZM2G132913,F-box domain containing protein
GRMZM5G861268,F-box domain containing protein
AC207342.3_FG007,F-box family protein
GRMZM2G005865,F-box family protein
GRMZM2G071705,F-box family protein-like
GRMZM2G051541,F-box protein PP2-B1
GRMZM2G014022,F-box protein-like
GRMZM2G405203,F-box/LRR-repeat MAX2 homolog
GRMZM2G001180,F-box/LRR-repeat protein
GRMZM2G043162,Ferredoxin-1
AC211652.4_FG002,FHA domain containing protein
GRMZM2G003252,FHA domain-containing protein
GRMZM2G010937,Fimbrin 1
GRMZM2G004188,Flap endonuclease-1
GRMZM2G450273,Flowering promoting factor-like 1
GRMZM2G019686,Flowering promoting factor-like protein
GRMZM2G325131,Fragment of Anthranilate synthase
GRMZM2G008687,Fw2.2
GRMZM2G165919,Galactinol synthase 3
GRMZM2G015654,"Galactoside 2-alpha-L-fucosyltransferase, putative"
AC177908.3_FG002,Galacturonosyltransferase
GRMZM2G011932,G-box binding factor 1
AC212068.4_FG005,GDSL esterase/lipase
GRMZM2G022402,GDSL esterase/lipase
GRMZM2G028413,GDSL esterase/lipase
GRMZM2G085176,GDSL esterase/lipase
GRMZM2G117030,GDSL esterase/lipase
GRMZM2G150187,GDSL esterase/lipase
GRMZM2G174975,GDSL esterase/lipase
EF517601.1_FG010,GeBP-type transcription factor
GRMZM2G077036,Generic methyltransferase
GRMZM2G090245,Germin-like protein
GRMZM2G151249,Germin-like protein
AC217962.3_FG005,GH16383
AC203966.5_FG005,Gibberellin 20 oxidase 1
GRMZM2G031065,Gibberellin receptor GID1L2
GRMZM2G156310,Gibberellin receptor GID1L2
GRMZM2G125032,"Glucan endo-1,3-beta-D-glucosidase"
GRMZM2G046459,"Glucan endo-1,3-beta-glucosidase"
GRMZM2G431039,"Glucan endo-1,3-beta-glucosidase"
GRMZM5G846916,"Glucan endo-1,3-beta-glucosidase"
GRMZM2G012140,"Glucan endo-1,3-beta-glucosidase 4"
GRMZM2G125241,"Glucan endo-1,3-beta-glucosidase 4"
AC217887.3_FG004,"Glucan endo-1,3-beta-glucosidase 5"
GRMZM5G805609,"Glucan endo-1,3-beta-glucosidase 7"
GRMZM2G047404,Glucose-6P/phosphate translocator
GRMZM5G826838,Glutamate decarboxylase
GRMZM2G083711,Glutamate formiminotransferase
GRMZM2G057459,Glutamate receptor
GRMZM2G341499,Glutamate receptor
GRMZM2G428379,Glutamate receptor
AC208327.4_FG003,Glutamate-rich WD repeat-containing protein 1
GRMZM2G005849,Glutamine--fructose-6-phosphate aminotransferase [isomerizing] 2
AC198518.3_FG003,Glutamine-rich protein
GRMZM2G369485,Glutaredoxin
GRMZM2G052796,Glutaredoxin family protein
GRMZM2G110286,Glutaredoxin family protein
GRMZM2G413315,Glutaredoxin family protein
GRMZM2G311898,Glutaredoxin-C9
GRMZM2G028556,Glutathione S-transferase
GRMZM2G032856,Glutathione S-transferase
GRMZM2G434541,Glutathione S-transferase
GRMZM2G044383,Glutathione transferase
GRMZM2G416632,Glutathione transferase 23
GRMZM2G176307,Glyceraldehyde-3-phosphate dehydrogenase
GRMZM2G059637,Glycerol-3-phosphate acyltransferase 8
GRMZM5G843302,"Glycerol-3-phosphate transporter, putative"
GRMZM2G018820,Glycerophosphodiester phosphodiesterase
GRMZM2G059129,Glycerophosphoryl diester phosphodiesterase 2-like
GRMZM2G013324,"Glycerophosphoryl diester phosphodiesterase, putative"
GRMZM2G067315,Glycine-rich cell wall structural protein 2
GRMZM2G141399,Glycogen synthase
GRMZM2G109431,"Glycogenin, putative"
GRMZM2G026889,Glycogenin-2
GRMZM2G002023,Glycogenin-like protein
GRMZM2G031581,Glycogenin-like protein
AC216871.3_FG004,Glycosyltransferase
GRMZM2G105221,Glycosyltransferase
GRMZM2G131055,Glycosyltransferase
GRMZM2G410916,Glycosyltransferase
GRMZM2G000581,Glycosyltransferase 47
GRMZM2G059845,Glycosyltransferase 47
GRMZM2G116629,"Glycosyltransferase, CAZy family GT90"
GRMZM2G106622,GRAM-containing/ABA-responsive protein
AC233898.1_FG004,"Growth regulator protein, putative, expressed"
AC210023.3_FG014,H(+)/Cl(-) exchange transporter ClcA
GRMZM2G015285,Harpin binding protein 1
GRMZM2G131155,Harpin-induced protein
GRMZM2G152781,"Harpin-induced protein 1 containing protein, expressed"
GRMZM2G114793,Heat shock 70 kDa protein C
GRMZM2G415007,Heat shock 70 kDa protein C
GRMZM2G024668,Heat shock protein 90
AC225193.3_FG004,Heat shock protein binding protein
GRMZM2G125969,Heat stress transcription factor A2
GRMZM2G055999,Heavy metal-associated domain containing protein
GRMZM2G301089,Helix-loop-helix DNA-binding domain containing protein
GRMZM2G004222,Heme oxygenase 2
GRMZM2G467069,Hexokinase
AC208897.3_FG004,Hexose transporter
GRMZM2G404965,Hexose transporter
GRMZM2G134264,Hfr-2-like protein
AC217811.3_FG003,Histidine decarboxylase
GRMZM2G039246,Histidine-containing phosphotransfer protein 4
GRMZM2G124890,Histidine-containing phosphotransfer protein 4
GRMZM2G173710,Histidine-containing phosphotransfer protein 4
AC233865.1_FG001,Histone H4
GRMZM2G132367,Homeobox-leucine zipper-like protein
GRMZM2G133684,HPP
GRMZM2G164131,HPP
GRMZM2G082959,Hsr203J
AC194341.4_FG002,"Hydrogen-transporting ATP synthase, rotational mechanism"
GRMZM2G143703,"Hydrolase, alpha/beta fold family protein, putative, expressed"
GRMZM2G115504,"Hydrolase, alpha/beta fold protein-like"
GRMZM2G131165,Hydroxycinnamoyl-CoA shikimate/quinate hydroxycinnamoyltransferase
AC199782.5_FG002,Hydroxymethylglutaryl-CoA synthase
GRMZM2G003789,IAA-amino acid hydrolase ILR1
AC233888.1_FG001,"Ice binding protein, putative"
GRMZM2G122543,Inactive poly [ADP-ribose] polymerase RCD1
GRMZM2G177878,Inactive poly [ADP-ribose] polymerase RCD1
GRMZM2G143352,Indole-3-acetic acid inducible 33
GRMZM2G001421,"Indole-3-acetic acid-amido synthetase GH3.5, putative"
GRMZM2G106950,Indole-3-glycerol phosphate synthase
GRMZM2G326707,Inorganic phosphate transporter 4
GRMZM2G004528,Inositol-3-phosphate synthase
AC194970.5_FG005,Integral membrane protein like
GRMZM2G355846,Inter-alpha-trypsin inhibitor heavy chain H3
GRMZM2G007060,Interferon-related developmental regulator family protein
AC209460.3_FG002,"Iron-sulfur clusters transporter atm1, mitochondrial"
GRMZM2G056369,Isocitrate lyase
GRMZM2G004036,Isoflavone reductase
AC226235.2_FG001,Isoflavone reductase-like protein
GRMZM2G050307,Jasmonate O-methyltransferase
GRMZM2G163406,Jasmonate-induced protein
GRMZM2G172204,Jasmonate-induced protein
GRMZM2G041959,Kelch repeat-containing F-box-like
AC149829.2_FG006,Kelch-like protein 1
GRMZM2G005199,"Kinesin light chain, putative"
GRMZM2G315726,Lag1 longevity assurance-like 3
GRMZM2G034534,"Lecithin:cholesterol acyltransferase family protein, expressed"
GRMZM2G170625,Lectin
GRMZM5G815077,Leucine zipper protein-like
GRMZM2G464393,"Leucine-rich repeat family protein, putative, expressed"
GRMZM2G012284,LIMR family protein
AC233882.1_FG003,Lipid A export ATP-binding/permease protein MsbA
GRMZM2G014089,Lipid A export ATP-binding/permease protein MsbA
GRMZM2G085236,Lipid A export ATP-binding/permease protein MsbA
GRMZM2G089400,Lipid binding protein
GRMZM2G137329,Lipid transfer protein
GRMZM2G078876,Lipid-transfer protein
GRMZM2G102760,Lipoxygenase
GRMZM2G109056,Lipoxygenase
GRMZM2G109130,Lipoxygenase
GRMZM2G156861,Lipoxygenase
GRMZM5G822593,Lipoxygenase
GRMZM2G017319,"LOB domain protein 40, putative, expressed"
AC191113.2_FG002,Loricrin-like protein
GRMZM2G132704,LSG
GRMZM2G057733,Lysine histidine transporter
GRMZM2G108589,Lysine-specific demethylase 5A
GRMZM2G057466,Lysine-specific demethylase 5B
GRMZM2G410991,LysM domain-containing GPI-anchored protein
GRMZM2G038973,Lysosomal alpha-mannosidase
GRMZM2G452896,Lysosomal Pro-X carboxypeptidase
GRMZM2G085941,MACPF domain-containing protein
GRMZM2G161245,Malate dehydrogenase
GRMZM2G102183,Malate synthase
GRMZM2G340257,"Mannan endo-1,4-beta-mannosidase"
GRMZM2G110220,Matrix metalloproteinase-9
AC203031.3_FG002,Mediator of RNA polymerase II transcription subunit 20a
GRMZM2G039630,Membrane protein
GRMZM2G055698,Membrane protein
AC205703.4_FG005,"Membrane protein, putative"
GRMZM2G092867,Metal ion binding protein
GRMZM5G849889,Metal ion binding protein
AC200298.4_FG001,"Metal ion binding protein, putative"
AC182482.3_FG003,Metal tolerance protein C3
GRMZM2G120922,Metal transporter protein
GRMZM2G402564,Metallothionein
GRMZM2G440003,Methylesterase
GRMZM2G148904,"Methyltransferase, putative"
AC211390.3_FG001,"Methyltransferase, putative, expressed"
AC217271.3_FG002,Microfibrillar-associated protein
GRMZM5G804783,Mini-chromosome maintenance complex-binding protein
GRMZM2G000741,"Mitochondrial carrier, putative, expressed"
GRMZM2G180080,Mitochondrial chaperone BCS1
GRMZM2G029385,Mitochondrial import inner membrane translocase subunit TIM14
GRMZM2G145972,Mitochondrial NADH dehydrogenase
AC233910.1_FG001,Mitochondrial phosphate carrier protein
GRMZM2G047299,Mitochondrial pyruvate carrier 1
AC215181.3_FG004,Mitogen-activated protein kinase kinase 10-2
GRMZM2G117608,MLO-like protein
AC197047.3_FG001,"mRNA, clone: RTFL01-09-F11"
GRMZM2G161310,"Multidrug resistance protein mdtG, putative"
AC233945.1_FG003,Multidrug resistance protein MdtK
GRMZM2G080992,Multidrug resistance protein MdtK
AC155434.2_FG005,Myb family transcription factor
AC234155.1_FG002,Myb family transcription factor
AC234520.1_FG003,Myb family transcription factor
AC197146.3_FG002,MYB transcription factor
GRMZM2G158117,MYB transcription factor
GRMZM2G160838,Myb transcription factor
GRMZM5G803308,MYB transcription factor
GRMZM2G049695,MYB-related transcription factor
AC155377.1_FG001,"Myosin XI, putative"
AC195154.3_FG004,"Myosin XI, putative"
GRMZM2G324390,Myosin-1
GRMZM2G002559,Myosin-10
AC225185.3_FG004,Myosin-11
GRMZM2G008556,Myosin-4
AC205703.4_FG010,Myosin-like protein
AC235543.1_FG002,Na+/Pi transporter
GRMZM2G142919,Na+/Pi transporter
AC196475.3_FG005,"NAC domain protein,"
GRMZM2G059428,"NAC domain protein,"
GRMZM2G068973,NAC domain-containing protein 67
AC203535.4_FG002,NAC domain-containing protein 68
AC212859.3_FG008,"NAC domain-containing protein, putative"
GRMZM2G074358,"NAC domain-containing protein, putative"
AC149475.2_FG007,N-acetyltransferase
AC209858.4_FG004,N-acetyltransferase
GRMZM2G031062,N-acetyltransferase
GRMZM2G099305,"N-acetyltransferase, putative, expressed"
GRMZM2G448142,"NAD(P)H-quinone oxidoreductase subunit K, chloroplastic"
AC234161.1_FG010,"NADH dehydrogenase [ubiquinone] 1 beta subcomplex subunit 8, mitochondrial"
GRMZM2G006085,"NADH dehydrogenase, alpha subcomplex, subunit 8"
AC195340.3_FG002,NADH-quinone oxidoreductase subunit I
AC217947.4_FG002,NADPH--cytochrome P450 reductase
AC199068.2_FG017,NBS resistance protein
GRMZM2G032807,NBS-LRR class disease resistance protein
GRMZM2G119967,NBS-LRR class disease resistance protein
GRMZM2G160710,NBS-LRR class disease resistance protein
GRMZM2G455909,NBS-LRR disease resistance protein family-1
AC211892.4_FG002,NBS-LRR resistance-like protein
GRMZM5G842965,Negatively light-regulated protein
GRMZM2G001088,Neuroguidin
GRMZM2G007277,Neutral invertase 2
AC202439.3_FG001,NHL repeat-containing protein-like
GRMZM2G076723,Nitrate reductase
GRMZM2G568636,Nitrate reductase
GRMZM5G878558,Nitrate reductase
GRMZM2G079381,Nitrite reductase
GRMZM2G102959,Nitrite reductase
GRMZM2G052266,N-methyl-L-tryptophan oxidase
GRMZM2G170400,N-methyltransferase 1
GRMZM2G467893,"Nodulin family protein, putative"
GRMZM2G010868,Non-specific lipid-transfer protein
GRMZM2G101958,Non-specific lipid-transfer protein
GRMZM2G153208,NtPRp27-like protein
AC204530.4_FG002,Nuclear control of ATPase protein
AC149829.2_FG003,Nuclear pore complex protein Nup98-Nup96
AC205471.4_FG007,Nuclear protein
GRMZM2G000686,Nuclear transcription factor Y subunit A-3
GRMZM2G171880,Nucleobase ascorbate transporter
AC210013.4_FG008,"Nucleoporin GLE1, putative"
AC187157.4_FG002,"Nucleoporin NUP53, putative"
GRMZM2G047262,Nucleoside/nucleotide kinase domain-containing protein
GRMZM2G070312,"Nucleotidyltransferase family protein, putative, expressed"
GRMZM2G077375,O-acyltransferase WSD1
GRMZM2G112456,Oligopeptide transporter 4
GRMZM2G063438,O-methyltransferase 8
GRMZM2G125266,"Ornithine cyclodeaminase, putative"
GRMZM2G046900,Ovarian cancer-associated gene 2 protein-like protein
GRMZM2G113349,Oxygen-evolving enhancer protein 1
GRMZM2G016677,Oxygen-evolving enhancer protein 2
GRMZM2G000177,p21-activated protein kinase-interacting protein 1-like
GRMZM2G002993,"Patatin B2, putative"
GRMZM2G039639,Pathogenesis-related thaumatin-like protein
GRMZM2G374971,Pathogenesis-related thaumatin-like protein
GRMZM2G131912,Pectate lyase 8
GRMZM2G329002,"Pectin acetylesterase, putative"
GRMZM2G167637,Pectinesterase
AC233850.1_FG003,Pectinesterase inhibitor domain containing protein
GRMZM2G004715,Pentatricopeptide repeat protein 43
GRMZM2G099434,Pentatricopeptide repeat protein 71
AC183950.2_FG005,Pentatricopeptide repeat-containing protein
AC233851.1_FG014,Pentatricopeptide repeat-containing protein
AC233892.1_FG001,Pentatricopeptide repeat-containing protein
AC155390.2_FG002,"Pentatricopeptide repeat-containing protein, putative"
AC203841.3_FG002,"Pentatricopeptide repeat-containing protein, putative"
AC218998.2_FG003,"Pentatricopeptide repeat-containing protein, putative"
AC234175.1_FG010,"Pentatricopeptide repeat-containing protein, putative"
GRMZM2G000674,"Pentatricopeptide repeat-containing protein, putative"
GRMZM2G003869,"Pentatricopeptide repeat-containing protein, putative"
AC200210.1_FG006,Peptidase M16 domain protein
GRMZM2G049349,"Peptidase, M50 family"
GRMZM2G424112,Peptidoglycan-binding LysM domain-containing protein
GRMZM2G006107,"Peptidyl-prolyl cis-trans isomerase, putative"
GRMZM2G130904,Peroxidase
GRMZM2G312997,Peroxidase
GRMZM2G427815,Peroxidase
GRMZM2G104394,Peroxidase 1
GRMZM2G107228,Peroxidase 1
GRMZM2G108123,Peroxidase 12
GRMZM2G126261,Peroxidase 2
GRMZM2G138450,Peroxidase 27
GRMZM2G133434,Peroxidase 45
GRMZM2G313184,"Peroxidase 47, putative"
GRMZM2G176085,Peroxidase 51
GRMZM2G321839,Peroxidase 56
GRMZM2G117706,Peroxidase 6
GRMZM2G149273,Peroxidase K
GRMZM2G012276,Peroxiredoxin Q
AC203966.5_FG002,"PGR5-like protein 1A, chloroplastic"
GRMZM2G029048,Phenylalanine ammonia-lyase
GRMZM2G074604,Phenylalanine ammonia-lyase
GRMZM2G081582,Phenylalanine ammonia-lyase
GRMZM2G118345,Phenylalanine ammonia-lyase
GRMZM2G045473,Phosphate transporter
AC225205.3_FG003,Phosphatidylinositol 3-and 4-kinase family protein
GRMZM2G117707,Phospho-2-dehydro-3-deoxyheptonate aldolase 1
GRMZM2G365160,Phospho-2-dehydro-3-deoxyheptonate aldolase 1
AC189750.4_FG004,Phosphoadenosine phosphosulfate reductase
GRMZM2G029756,Phospholipase A1
GRMZM2G179792,Phospholipase D
GRMZM2G407825,"Phospholipid-transporting atpase, putative"
GRMZM2G003875,Phosphoribosylamine--glycine ligase
GRMZM2G001247,"Phylloplanin, putative"
GRMZM2G043336,Phytase
GRMZM2G031317,Phytosulfokines 2
GRMZM2G026910,Plant-specific domain TIGR01589 family protein
GRMZM2G066870,Plasma membrane protein 3
GRMZM2G052685,Plastid movement impaired1
GRMZM2G004548,PLATZ transcription factor
GRMZM2G001191,Poly(A) RNA polymerase-like protein
AC212835.3_FG007,Poly(U)-specific endoribonuclease-A
GRMZM2G034152,Polyamine oxidase
GRMZM2G079263,Polygalacturonase
GRMZM2G170388,Polygalacturonase
GRMZM2G174708,Polygalacturonase-inhibiting protein
AC203841.3_FG009,Post-GPI attachment to proteins factor
AC234152.1_FG002,Potassium channel 2
GRMZM2G078887,PPPDE peptidase domain-containing protein
GRMZM2G157683,Predicted NADPH-dependent FMN reductase
AC203535.4_FG001,Pre-mRNA-splicing factor CDC5/CEF1
AC209257.4_FG008,Prenylated Rab acceptor protein 1
AC234201.1_FG003,Prenylcysteine oxidase-like
GRMZM2G000393,"Probable beta-1,3-galactosyltransferase 10"
GRMZM2G135400,Probable BRI1 kinase inhibitor 1
GRMZM2G000489,Probable carboxylesterase 15
GRMZM2G062576,Probable leucine-rich repeat receptor-like protein kinase
GRMZM2G099491,Probable leucine-rich repeat receptor-like protein kinase
GRMZM2G174128,Probable leucine-rich repeat receptor-like protein kinase
GRMZM2G372058,Probable leucine-rich repeat receptor-like protein kinase
AC205608.4_FG004,Probable peptide/nitrate transporter
GRMZM2G001676,Probable peptide/nitrate transporter
GRMZM2G085411,Probable peptide/nitrate transporter
GRMZM2G472167,Probable peptide/nitrate transporter
GRMZM5G865298,Probable peptide/nitrate transporter
GRMZM2G084486,Probable potassium transport system protein kup
GRMZM2G088964,Probable potassium transport system protein kup 1
GRMZM2G455817,Probable potassium transport system protein kup 1
GRMZM2G084779,Probable potassium transport system protein kup 2
GRMZM2G093826,Probable potassium transport system protein kup 2
GRMZM2G136453,Probable purple acid phosphatase 20
AC149810.2_FG008,Probable receptor-like protein kinase
AC218998.2_FG007,Probable receptor-like protein kinase
GRMZM2G026203,Probable receptor-like protein kinase
GRMZM2G046297,Probable receptor-like protein kinase
GRMZM2G055154,Probable receptor-like protein kinase
GRMZM2G077655,Probable receptor-like protein kinase
GRMZM2G137861,Probable receptor-like protein kinase
GRMZM2G145045,Probable receptor-like protein kinase
GRMZM2G145075,Probable receptor-like protein kinase
GRMZM2G145109,Probable receptor-like protein kinase
GRMZM2G359986,Probable receptor-like protein kinase
GRMZM2G458075,Probable receptor-like protein kinase
GRMZM2G576752,Probable receptor-like protein kinase
AC204539.4_FG003,Profilin
AC217358.3_FG005,Prohibitin
GRMZM2G154958,Proline transporter
GRMZM2G031354,Proline-rich protein
GRMZM2G345700,Proline-rich protein
GRMZM2G322819,Prolyl endopeptidase
AC233870.1_FG006,Proteasomal ubiquitin receptor ADRM1
AC149475.2_FG003,Proteasome subunit alpha type
AC149828.2_FG002,Proteasome subunit alpha type
GRMZM2G038284,Protein DEHYDRATION-INDUCED 19
AC199571.3_FG004,Protein disulfide isomerase
GRMZM2G001663,Protein FAR1-RELATED SEQUENCE 7
GRMZM2G102497,Protein IQ-domain 11
AC218972.3_FG001,Protein kinase
GRMZM2G020508,"Protein kinase domain containing protein, expressed"
GRMZM2G159908,"Protein kinase domain containing protein, expressed"
GRMZM2G448213,"Protein kinase family protein, putative, expressed"
AC206223.3_FG006,"Protein kinase, putative"
GRMZM2G178074,Protein kinase-like protein
GRMZM2G083972,Protein LONGIFOLIA 1
AC155624.2_FG006,Protein phosphatase 2C
GRMZM2G003096,Protein phosphatase 2C
GRMZM2G004377,Protein phosphatase 2C
AC208201.3_FG002,"Protein phosphatase 2c, putative"
AC210013.4_FG011,"Protein phosphatase 2c, putative"
GRMZM2G000603,"Protein phosphatase 2c, putative"
GRMZM2G130943,"Protein phosphatase 2c, putative"
GRMZM2G119755,Protein PLANT CADMIUM RESISTANCE 2
GRMZM2G151230,Protein PLANT CADMIUM RESISTANCE 2
GRMZM2G325477,Protein PLANT CADMIUM RESISTANCE 2
GRMZM2G008095,Protein SFT2
GRMZM2G039757,Protein tolB
GRMZM2G176998,Protein tolB
GRMZM2G003022,Protein transport protein SEC23
AC208023.3_FG001,Protein transport protein SEC61 gamma subunit
GRMZM2G145390,Protein XRI1
GRMZM2G000256,"PsbP domain-containing protein 5, chloroplastic"
GRMZM2G148453,Pseudo response regulator 1
GRMZM2G006287,Pumilio-family RNA binding protein
AC211394.4_FG004,Purple acid phosphatase
GRMZM2G152447,Purple acid phosphatase 1
GRMZM2G028104,Putative 10-deacetylbaccatin III-10-O-acetyl transferase
GRMZM2G369703,Putative 200 kDa antigen p200
GRMZM2G011160,Putative ABC transporter ATP-binding protein PF0528
GRMZM2G099642,Putative alcohol dehydrogenase superfamily protein
GRMZM2G022642,Putative amino acid permease
GRMZM2G030814,Putative amino acid permease
AC197699.3_FG003,Putative anthocyanidin synthase
AC189879.3_FG003,Putative argonaute family protein
AC199001.3_FG005,Putative argonaute family protein
GRMZM2G457370,Putative argonaute family protein
GRMZM2G014797,Putative ASR2
GRMZM2G057841,Putative ASR2
AC202549.3_FG008,Putative ATP-dependent RNA helicase
AC203909.3_FG003,Putative berberine bridge enzyme
GRMZM2G137535,"'putative beta-1,3-glucanase'"
AC235546.1_FG001,Putative bZIP protein
AC200057.4_FG007,Putative bZIP transcription factor superfamily protein
GRMZM2G099425,Putative calcium-dependent protein kinase family protein
GRMZM2G140328,Putative calcium-transporting ATPase
GRMZM5G893864,Putative calcium-transporting ATPase
GRMZM2G063717,Putative caleosin
GRMZM2G054900,Putative calmodulin-binding family protein
GRMZM2G340807,Putative calmodulin-related protein
GRMZM2G125516,Putative carboxyl-terminal proteinase
GRMZM2G110145,Putative cellulose synthase-like family protein
AC210023.3_FG015,Putative chloride channel protein CLC-d
GRMZM2G118610,Putative cinnamyl-alcohol dehydrogenase family protein
GRMZM2G002898,Putative cytochrome P450
GRMZM2G397402,Putative cytochrome P450
AC200099.4_FG006,Putative cytochrome P450 superfamily protein
GRMZM2G087875,Putative cytochrome P450 superfamily protein
GRMZM2G093286,Putative cytochrome P450 superfamily protein
GRMZM2G140448,Putative cytochrome P450 superfamily protein
GRMZM2G140817,Putative cytochrome P450 superfamily protein
GRMZM2G147752,Putative cytochrome P450 superfamily protein
GRMZM2G179147,Putative cytochrome P450 superfamily protein
GRMZM2G396248,Putative cytochrome P450 superfamily protein
GRMZM2G100412,Putative cytochrome P450-like protein
AC195587.4_FG004,Putative disease resistance protein
GRMZM2G005347,Putative disease resistance protein
GRMZM2G005452,Putative disease resistance protein
GRMZM2G016802,Putative disease resistance protein
GRMZM2G043095,Putative DUF231 domain containing family protein
GRMZM2G165961,Putative DUF231 domain containing family protein
AC233885.1_FG001,Putative DUF593 domain containing family protein isoform 1
AC206989.4_FG002,Putative E3 ubiquitin-protein ligase ARI5
GRMZM2G032910,Putative epoxide hydrolase
GRMZM2G400167,Putative flowering locus T
GRMZM2G031167,Putative general amino acid permease
GRMZM2G157168,Putative general amino acid permease
AC194970.5_FG001,Putative geranylgeranyl pyrophosphate synthase 1
GRMZM2G058404,Putative geranylgeranyl pyrophosphate synthase 3
GRMZM2G475059,Putative glutathione S-transferase
GRMZM2G104942,Putative Glycerol-3-phosphate transporter
AC233961.1_FG001,Putative histone-lysine N-methyltransferase family protein
AC196465.3_FG006,Putative homeodomain-like transcription factor superfamily protein
GRMZM2G066636,Putative hydrolase
GRMZM2G026470,Putative inorganic pyrophosphatase
AC197013.3_FG003,Putative insulin degrading enzyme
GRMZM2G132169,Putative laccase family protein
GRMZM2G129540,Putative L-asparaginase
GRMZM2G012031,Putative leucine rich repeat protein
AC191283.3_FG004,Putative leucine-rich repeat receptor-like protein kinase family protein
GRMZM2G097468,Putative leucine-rich repeat receptor-like protein kinase family protein
GRMZM2G121312,Putative leucine-rich repeat receptor-like protein kinase family protein
GRMZM2G165387,Putative leucine-rich repeat receptor-like protein kinase family protein
GRMZM5G839644,Putative leucine-rich repeat receptor-like protein kinase family protein
GRMZM2G046743,Putative lysine/histidine transporter
GRMZM2G127294,Putative lysine/histidine transporter
GRMZM2G127328,Putative lysine/histidine transporter
GRMZM2G429322,Putative lysine/histidine transporter
GRMZM2G014295,Putative methyltransferase family protein
AC195351.3_FG003,Putative monotil peptide
GRMZM2G117193,Putative MYB DNA-binding domain superfamily protein
GRMZM2G454449,Putative MYB DNA-binding domain superfamily protein
GRMZM2G031323,Putative MYB transcription factor
GRMZM2G037015,Putative nuclease HARBI1
GRMZM2G355572,Putative nuclease HARBI1
AC198699.3_FG004,Putative peroxisomal (S)-2-hydroxy-acid oxidase 2
GRMZM2G101116,Putative pirin
GRMZM2G002034,Putative polygalacturonase
GRMZM5G851266,Putative polyphenol oxidase family protein
GRMZM2G437912,Putative prephenate dehydratase
GRMZM2G046848,Putative receptor kinase
GRMZM2G452121,Putative receptor like protein kinase
GRMZM2G056875,Putative receptor protein kinase
GRMZM2G172429,Putative receptor protein kinase
GRMZM2G313643,Putative receptor protein kinase
GRMZM2G358830,Putative receptor protein kinase
GRMZM2G391794,Putative receptor protein kinase
AC214040.3_FG009,Putative receptor-like protein kinase
GRMZM2G046729,Putative receptor-like protein kinase
GRMZM2G101245,Putative receptor-like protein kinase
GRMZM2G102862,Putative receptor-like protein kinase
GRMZM2G130389,Putative receptor-like protein kinase
GRMZM2G142037,Putative receptor-like protein kinase
GRMZM2G144028,Putative receptor-like protein kinase
GRMZM2G151567,Putative receptor-like protein kinase
GRMZM2G334165,Putative receptor-like protein kinase
GRMZM2G337768,Putative receptor-like protein kinase
GRMZM2G343570,Putative receptor-like protein kinase
GRMZM2G378452,Putative receptor-like protein kinase
GRMZM2G412885,Putative receptor-like protein kinase
GRMZM2G475948,Putative receptor-like protein kinase
AC193379.3_FG001,Putative receptor-like protein kinase 2
GRMZM5G849471,Putative receptor-like protein kinase 2
AC225363.3_FG004,Putative receptor-like protein kinase 4
GRMZM2G076943,Putative receptor-like protein kinase 4
GRMZM2G084825,Putative receptor-like protein kinase 4
GRMZM2G087625,Putative receptor-like protein kinase 4
GRMZM2G140231,Putative receptor-like protein kinase 4
GRMZM2G140721,Putative receptor-like protein kinase 4
GRMZM2G175874,Putative receptor-like protein kinase 4
GRMZM2G177726,Putative receptor-like protein kinase 4
GRMZM2G431018,Putative receptor-like protein kinase 4
GRMZM5G856011,Putative receptor-like protein kinase 4
GRMZM2G147966,Putative respiratory burst oxidase protein E
GRMZM2G375153,Putative RING finger 1
GRMZM5G871093,Putative RING zinc finger domain superfamily protein
AC197705.4_FG006,Putative RING zinc finger protein
GRMZM2G386590,Putative RING-H2 finger protein ATL61
GRMZM2G001265,Putative S-acyltransferase
AC198353.5_FG001,Putative serine carboxypeptidase
GRMZM2G000576,Putative serine esterase family protein
GRMZM2G108847,Putative serine type endopeptidase inhibitor
GRMZM2G155058,Putative serine/threonine protein phosphatase superfamily protein
GRMZM2G005499,Putative Solute carrier family 35 member C2
GRMZM2G004694,Putative sugar transporter
AC233936.1_FG003,Putative TATA box binding protein-associated factor
GRMZM2G005278,Putative TATA box binding protein-associated factor
GRMZM2G147256,Putative threonine aldolase family protein
GRMZM5G849600,Putative transcription factor
AC195340.3_FG001,Putative tubulin alpha-3 chain
AC149818.2_FG006,Putative ubiquitin-conjugating enzyme family
AC233922.1_FG008,Putative ubiquitin-conjugating enzyme family
GRMZM2G007122,Putative ubiquitin-conjugating enzyme family
GRMZM2G063931,Putative ubiquitin-conjugating enzyme family
GRMZM2G122072,Putative UDP-glycosyltransferase
AC190526.3_FG004,Putative uncharacterized protein At2g41150/T3K9.8
GRMZM2G011731,Putative uncharacterized protein At4g10080/T5L19_210
GRMZM2G459110,Putative uncharacterized protein At4g12070/F16J13_140
GRMZM2G425778,Putative uncharacterized protein At5g58960/k19m22_160
GRMZM2G123104,Putative uncharacterized protein B1146B04.40
GRMZM2G126975,Putative uncharacterized protein B1146B04.40
GRMZM2G029912,Putative uncharacterized protein CER1-2
GRMZM2G004092,Putative uncharacterized protein F14P22.240
GRMZM2G174449,Putative uncharacterized protein F3A4.230
AC233901.1_FG010,Putative uncharacterized protein not annotated
AC191771.3_FG008,Putative uncharacterized protein OJ1136_F03.14
GRMZM2G015200,Putative uncharacterized protein OJ1203D03.5
GRMZM2G135165,Putative uncharacterized protein OJ1301_G07.12
GRMZM2G138259,Putative uncharacterized protein OSJNBa0007M04.25
GRMZM2G015432,Putative uncharacterized protein OSJNBa0019F11.19-1
GRMZM2G032551,Putative uncharacterized protein OSJNBa0040E17.32
GRMZM2G124026,Putative uncharacterized protein OSJNBa0052M16.13
AC210013.4_FG016,Putative uncharacterized protein OSJNBa0083K01.24
GRMZM2G070847,Putative uncharacterized protein OSJNBb0034B12.21
GRMZM2G002104,Putative uncharacterized protein P0013B04.13
GRMZM2G100475,Putative uncharacterized protein P0035F08.19
GRMZM2G348890,Putative uncharacterized protein P0445H04.42
GRMZM2G037485,Putative uncharacterized protein P0448B11.33
GRMZM2G041068,Putative uncharacterized protein P0448B11.33
GRMZM2G003992,Putative uncharacterized protein P0463D04.21
GRMZM2G000713,Putative uncharacterized protein P0477B05.21
GRMZM2G001592,Putative uncharacterized protein P0483C08.18
GRMZM2G148773,Putative uncharacterized protein P0491F11.32
GRMZM2G089720,Putative uncharacterized protein P0496H05.22
GRMZM2G005187,Putative uncharacterized protein P0704D04.8
GRMZM2G174615,Putative uncharacterized protein P0705D01.16
GRMZM5G812326,Putative uncharacterized protein P0784G04.33
AC205853.3_FG014,Putative uncharacterized protein Sb0010s003460
AC206780.3_FG004,Putative uncharacterized protein Sb0010s003460
AC210050.3_FG006,Putative uncharacterized protein Sb0010s003460
AC212023.4_FG006,Putative uncharacterized protein Sb0010s003460
GRMZM2G470882,Putative uncharacterized protein Sb0012s004580
AC188023.3_FG005,Putative uncharacterized protein ssr3188
GRMZM2G122577,Putative uncharacterized protein T20L15_60
GRMZM2G171406,Putative vesicle-associated membrane protein-associated protein
AC210596.3_FG003,Putative wall-associated receptor protein kinase family protein
GRMZM2G004278,Putative wall-associated receptor protein kinase family protein
GRMZM2G050536,Putative wall-associated receptor protein kinase family protein
GRMZM2G059012,Putative wall-associated receptor protein kinase family protein
GRMZM2G134205,Putative wall-associated receptor protein kinase family protein
GRMZM2G355233,Putative wall-associated receptor protein kinase family protein
GRMZM2G362303,Putative wall-associated receptor protein kinase family protein
GRMZM2G053206,Putative xylanase inhibitor
AC149475.2_FG005,Putative zinc finger protein
AC149818.2_FG008,Putative zinc finger protein
GRMZM2G000836,Putative zinc finger protein
AC187098.4_FG011,PWWP domain containing protein
GRMZM2G386229,Pyrimidine-specific ribonucleoside hydrolase rihA
GRMZM2G087186,Pyruvate decarboxylase
AC197246.3_FG001,Ras-related protein Rab-25
GRMZM2G023436,Ras-related protein Rab-2-B
AC166636.1_FG008,Ras-related protein Rab-6A
GRMZM2G136353,Receptor kinase
GRMZM2G426917,"Receptor kinase, putative, expressed"
GRMZM2G040508,Receptor kinase-like protein
GRMZM2G053111,Receptor kinase-like protein
GRMZM2G178753,Receptor kinase-like protein
GRMZM2G453672,Receptor kinase-like protein
GRMZM2G017164,Receptor like kinase
GRMZM2G332107,Receptor protein kinase
GRMZM2G079583,"Receptor protein kinase, putative"
GRMZM2G316474,"Receptor protein kinase, putative"
GRMZM2G012176,Receptor protein kinase-like protein
GRMZM2G073884,"Receptor-kinase, putative"
GRMZM2G162829,"Receptor-kinase, putative"
GRMZM2G350793,"Receptor-kinase, putative"
GRMZM2G017022,Receptor-like kinase
GRMZM2G038893,Receptor-like kinase
GRMZM2G084587,Receptor-like kinase
GRMZM2G113421,Receptor-like kinase
GRMZM2G351937,Receptor-like kinase
GRMZM2G436448,Receptor-like kinase
GRMZM2G466298,Receptor-like kinase
AC193632.2_FG002,Receptor-like protein kinase
GRMZM2G002542,Receptor-like protein kinase
GRMZM2G011526,Receptor-like protein kinase
GRMZM2G022645,Receptor-like protein kinase
GRMZM2G026151,Receptor-like protein kinase
GRMZM2G026943,Receptor-like protein kinase
GRMZM2G027958,Receptor-like protein kinase
GRMZM2G059740,Receptor-like protein kinase
GRMZM2G071396,Receptor-like protein kinase
GRMZM2G075884,Receptor-like protein kinase
GRMZM2G094028,Receptor-like protein kinase
GRMZM2G100234,Receptor-like protein kinase
GRMZM2G109830,Receptor-like protein kinase
GRMZM2G132212,Receptor-like protein kinase
GRMZM2G164612,Receptor-like protein kinase
GRMZM2G171210,Receptor-like protein kinase
GRMZM2G177883,Receptor-like protein kinase
GRMZM2G412373,Receptor-like protein kinase
GRMZM2G433684,Receptor-like protein kinase
GRMZM2G474153,Receptor-like protein kinase
GRMZM2G164640,Receptor-like protein kinase-like
GRMZM2G000268,Reductase 2
AC217050.4_FG001,Regulator of chromosome condensation (RCC1) repeat protein
AC207533.2_FG002,Regulatory-associated protein of TOR 1
GRMZM2G113486,Remorin family protein
AC205057.3_FG004,Replication protein A 70 kDa DNA-binding subunit
GRMZM2G080839,Reticuline oxidase
AC192451.3_FG001,Reticulon
GRMZM2G003043,Retinoblastoma protein 2
AY542798.1_FG003,Retinoblastoma-binding protein
GRMZM2G002859,Rho guanine nucleotide exchange factor
GRMZM2G379540,Rhomboid family protein
GRMZM2G158394,Ribonuclease 3
GRMZM2G035599,Ribose-5-phosphate isomerase
GRMZM2G146981,Ribosomal protein-like
AC194341.4_FG004,Ribosomal RNA apurinic site specific lyase
AC198353.5_FG004,"Ribosomal RNA small subunit methyltransferase B, putative"
GRMZM2G469371,RING finger 1-like
GRMZM2G053707,Ring finger protein
GRMZM2G095873,Ring finger protein
GRMZM2G123212,RING finger protein
GRMZM2G321041,Ring finger protein
GRMZM2G004519,RING finger protein 38
GRMZM2G050216,RING finger protein 44
GRMZM2G004480,"Ring finger protein, putative"
GRMZM2G015753,"Ring finger protein, putative"
GRMZM2G037627,"Ring finger protein, putative"
GRMZM2G041344,"Ring finger protein, putative"
GRMZM2G071602,"Ring finger protein, putative"
GRMZM2G095025,"Ring finger protein, putative"
GRMZM2G416750,"Ring finger protein, putative"
GRMZM2G477205,"Ring finger protein, putative"
AC202181.3_FG010,RNA binding protein
AC234528.1_FG004,"RNA binding protein, putative"
GRMZM2G003897,"RNA binding protein, putative"
AC217556.3_FG003,RNA recognition motif protein 1
AC217358.3_FG010,RNA-binding protein containing a PIN domain
AC185415.3_FG005,RNA-binding protein-like
AC152495.1_FG002,Rp1-like protein
AC152495.1_FG003,Rp1-like protein
AC152495.1_FG010,Rp1-like protein
AC152495.1_FG017,Rp1-like protein
GRMZM2G119705,rRNA N-glycosidase
AC194970.5_FG009,RuvB-like 2
GRMZM2G005483,Sad1/UNC domain protein
AC199526.5_FG002,S-adenosylmethionine synthase
GRMZM2G054123,S-adenosylmethionine synthase
GRMZM2G131982,Salt tolerance-like protein
AC152495.1_FG012,Sarcoplasmic/endoplasmic reticulum calcium ATPase 2
GRMZM2G098517,Scarecrow-like 1 transcription factor
GRMZM2G103357,"Secretory carrier membrane protein, putative"
GRMZM2G001660,Seed length and weight protein long form for short seed
AC148167.6_FG001,Seed specific protein Bn15D14A
AC233979.1_FG008,Senescence-associated protein-related similar to senescence-associated protein sag102
GRMZM2G091837,Senescence-inducible chloroplast stay-green protein 1
GRMZM2G103137,Serine esterase family protein
GRMZM2G078143,Serine hydroxymethyltransferase
AC212112.4_FG002,Serine protease
GRMZM2G000278,Serine/threonine protein kinase
GRMZM5G802115,"Serine/threonine protein kinase, putative"
AC195785.3_FG004,Serine/threonine-protein kinase
GRMZM2G000620,Serine/threonine-protein kinase
GRMZM2G115705,Serine/threonine-protein kinase
GRMZM2G135013,Serine/threonine-protein kinase
GRMZM2G160853,Serine/threonine-protein kinase
GRMZM2G168985,Serine/threonine-protein kinase
GRMZM2G422340,Serine/threonine-protein kinase
AC155434.2_FG004,Serine-rich adhesin for platelets
GRMZM2G179092,Sesquiterpene synthase
GRMZM2G012319,"SH3 domain containing protein, expressed"
AC234180.1_FG002,SH3 domain-containing protein
GRMZM2G012126,Short hypocotyl in white light1 protein
GRMZM2G354909,Short-chain dehydrogenase/reductase protein-like
GRMZM2G129815,Sigma factor binding protein
GRMZM2G008751,Sigma factor sigB regulation protein rsbQ
AC197705.4_FG011,"Singapore isolate B (sub-type 7) whole genome shotgun sequence assembly, scaffold_7"
GRMZM2G105604,Siroheme synthase
GRMZM2G000245,Sister chromatid cohesion protein PDS5-like protein
GRMZM2G006178,sn-glycerol-3-phosphate import ATP-binding protein UgpC
AC184130.4_FG012,SNI1
GRMZM2G164547,SnRK1-interacting protein 1
GRMZM2G002361,Snurportin-like protein
GRMZM2G004414,Sodium/calcium exchanger protein
GRMZM2G068714,Solute carrier family 35 member E3
GRMZM2G153920,Sorbitol transporter
AC197705.4_FG007,Sorting and assembly machinery component-like protein
GRMZM2G115612,Sphingosine-1-phosphate phosphatase
GRMZM2G031827,Splicing factor U2af 38 kDa subunit
GRMZM5G878561,Squamosa promoter binding protein-like 16
GRMZM2G150906,Stachyose synthase
GRMZM2G135314,START domain-containing protein
GRMZM2G020940,Stress responsive protein
GRMZM2G070863,Stress-induced-phosphoprotein
GRMZM2G144367,Stromal cell-derived factor 2
GRMZM2G006450,Structural constituent of ribosome
GRMZM2G131177,Subtilisin-like protease
GRMZM2G145242,Subtilisin-like protease
GRMZM2G135739,"Sugar transporter, putative"
GRMZM2G080178,Sulfate transporter 1.2
GRMZM2G444801,Sulfate transporter 3.4
GRMZM2G396541,Sulfated surface glycoprotein 185
GRMZM2G002999,"Sumo ligase, putative"
GRMZM2G010085,SWI/SNF-related matrix-associated actin-dependent regulator of chromatin subfamily A-like protein 1
AC233967.1_FG001,SWIb domain-containing protein
AC207347.3_FG005,Synaptic vesicle 2-related protein
GRMZM2G066153,"Synaptotagmin, putative"
GRMZM2G005195,Synaptotagmin-1
GRMZM2G008638,Syntaxin-61
GRMZM2G046615,Terpenoid synthase 22
GRMZM2G064406,Terpenoid synthase 22
AC203865.3_FG001,Tesmin/TSO1-like CXC domain containing protein
AC214648.3_FG003,Tetraspanin family protein
GRMZM2G402631,Thaumatin-like protein
GRMZM2G346861,Thaumatin-like protein 1
GRMZM2G177508,Threonine endopeptidase
AC234575.1_FG003,Threonine synthase
GRMZM2G073548,TMV response-related protein
GRMZM2G147544,TPR domain protein
AC184169.3_FG001,"TPR Domain, putative"
GRMZM2G042895,Transcription Factor
GRMZM2G009478,Transcription factor BIM2
GRMZM2G324999,Transcription factor WRKY
GRMZM2G005939,"Transcription factor, putative"
GRMZM2G049229,"Transcription factor, putative"
AC199782.5_FG003,Transcription factor-like
AC210013.4_FG012,Transcription regulator
AC198481.3_FG004,Transcription-associated protein
GRMZM2G054267,"Transferase, transferring glycosyl groups"
GRMZM2G170281,Transmembrane 9 family protein member 4
GRMZM2G014672,Transmembrane BAX inhibitor motif-containing protein 4
GRMZM2G036564,Transmembrane protein20
GRMZM2G176721,Transporter-like protein
AC203571.3_FG001,Transposon protein
AC199705.3_FG008,"Triacylglycerol lipase, putative"
GRMZM2G169580,Trihelix transcription factor
GRMZM2G002807,Triosephosphate isomerase
GRMZM2G002687,Tryptophan-tRNA ligase
GRMZM2G071790,Tubulin beta-4 chain
GRMZM2G133802,"Tubulin, beta chain"
GRMZM2G003307,"U4/U6 small nuclear ribonucleoprotein Prp31, putative"
GRMZM2G085974,Ubiquitin carboxyl-terminal hydrolase
GRMZM2G061602,"Ubiquitin ligase protein cop1, putative"
GRMZM2G000601,Ubiquitin-conjugating enzyme
GRMZM2G106377,Ubiquitin-protein ligase
AC217499.3_FG003,Ubiquitin-protein ligase/ zinc ion binding protein
GRMZM2G059042,U-box domain containing protein
GRMZM2G303964,U-box domain containing protein
GRMZM2G373329,"U-box domain containing protein, expressed"
AC183315.4_FG006,U-box domain-containing protein
GRMZM5G862540,UDP-glucose 6-dehydrogenase
GRMZM2G049798,UDP-glycosyltransferase
GRMZM2G169628,UDP-glycosyltransferase
AC199541.4_FG001,UDP-glycosyltransferase 1
AC199541.4_FG007,UDP-glycosyltransferase 1
GRMZM2G007795,UDP-glycosyltransferase 1
GRMZM2G009125,UDP-glycosyltransferase 1
GRMZM2G078465,UDP-glycosyltransferase 1
GRMZM2G135722,UDP-glycosyltransferase 1
GRMZM2G479038,UDP-glycosyltransferase 1
GRMZM5G834303,UDP-glycosyltransferase 1
GRMZM2G008539,UDP-glycosyltransferase-like protein
GRMZM2G162755,UDP-glycosyltransferase-like protein
GRMZM2G066961,Universal stress protein
GRMZM2G145974,Universal stress protein 9308
AC177838.2_FG015,Unknown protein
AC177924.2_FG003,Unknown protein
AC177947.2_FG003,Unknown protein
AC183319.3_FG001,Unknown protein
AC183509.1_FG001,Unknown protein
AC184788.2_FG001,Unknown protein
AC185256.3_FG002,Unknown protein
AC185276.2_FG004,Unknown protein
AC185588.2_FG002,Unknown protein
AC186164.3_FG001,Unknown protein
AC186512.3_FG007,Unknown protein
AC186592.3_FG003,Unknown protein
AC187567.4_FG004,Unknown protein
AC187879.3_FG001,Unknown protein
AC188296.3_FG004,Unknown protein
AC191012.2_FG001,Unknown protein
AC191317.3_FG009,Unknown protein
AC191421.3_FG001,Unknown protein
AC191686.3_FG002,Unknown protein
AC193658.3_FG001,Unknown protein
AC194157.3_FG001,Unknown protein
AC194485.3_FG002,Unknown protein
AC194613.2_FG002,Unknown protein
AC195331.3_FG008,Unknown protein
AC195351.3_FG001,Unknown protein
AC195954.3_FG001,Unknown protein
AC195995.3_FG008,Unknown protein
AC196158.3_FG002,Unknown protein
AC196984.3_FG001,Unknown protein
AC198490.3_FG003,Unknown protein
AC200495.3_FG001,Unknown protein
AC200725.4_FG003,Unknown protein
AC200739.5_FG001,Unknown protein
AC201767.3_FG003,Unknown protein
AC203909.3_FG006,Unknown protein
AC204772.2_FG002,Unknown protein
AC204953.3_FG002,Unknown protein
AC205175.3_FG002,Unknown protein
AC205592.3_FG001,Unknown protein
AC206582.2_FG002,Unknown protein
AC208212.3_FG001,Unknown protein
AC208308.3_FG004,Unknown protein
AC210158.3_FG004,Unknown protein
AC212732.4_FG005,Unknown protein
AC213981.3_FG001,Unknown protein
AC214438.3_FG002,Unknown protein
AC214790.3_FG001,Unknown protein
AC217270.3_FG004,Unknown protein
AC217841.3_FG001,Unknown protein
AC226235.2_FG003,Unknown protein
AC233899.1_FG005,Unknown protein
AC233914.1_FG001,Unknown protein
GRMZM2G000035,Unknown protein
GRMZM2G000288,Unknown protein
GRMZM2G001334,Unknown protein
GRMZM2G002578,Unknown protein
GRMZM2G003124,Unknown protein
GRMZM2G003461,Unknown protein
GRMZM2G003937,Unknown protein
GRMZM2G003970,Unknown protein
GRMZM2G004054,Unknown protein
GRMZM2G006325,Unknown protein
GRMZM2G007256,Unknown protein
GRMZM2G008032,Unknown protein
GRMZM2G008108,Unknown protein
GRMZM2G008789,Unknown protein
GRMZM2G009335,Unknown protein
GRMZM2G015854,Unknown protein
GRMZM2G018004,Unknown protein
GRMZM2G020556,Unknown protein
GRMZM2G026143,Unknown protein
GRMZM2G029087,Unknown protein
GRMZM2G037209,Unknown protein
GRMZM2G039443,Unknown protein
GRMZM2G041493,Unknown protein
GRMZM2G044788,Unknown protein
GRMZM2G055009,Unknown protein
GRMZM2G055151,Unknown protein
GRMZM2G063679,Unknown protein
GRMZM2G068763,Unknown protein
GRMZM2G075712,Unknown protein
GRMZM2G080466,Unknown protein
GRMZM2G081090,Unknown protein
GRMZM2G087662,Unknown protein
GRMZM2G092607,Unknown protein
GRMZM2G097078,Unknown protein
GRMZM2G099413,Unknown protein
GRMZM2G100372,Unknown protein
GRMZM2G102138,Unknown protein
GRMZM2G103748,Unknown protein
GRMZM2G103864,Unknown protein
GRMZM2G110553,Unknown protein
GRMZM2G111394,Unknown protein
GRMZM2G113340,Unknown protein
GRMZM2G114398,Unknown protein
GRMZM2G120475,Unknown protein
GRMZM2G122276,Unknown protein
GRMZM2G122520,Unknown protein
GRMZM2G125850,Unknown protein
GRMZM2G126413,Unknown protein
GRMZM2G131391,Unknown protein
GRMZM2G133070,Unknown protein
GRMZM2G135228,Unknown protein
GRMZM2G137964,Unknown protein
GRMZM2G144051,Unknown protein
GRMZM2G146004,Unknown protein
GRMZM2G149236,Unknown protein
GRMZM2G152451,Unknown protein
GRMZM2G153103,Unknown protein
GRMZM2G154048,Unknown protein
GRMZM2G160719,Unknown protein
GRMZM2G161274,Unknown protein
GRMZM2G162396,Unknown protein
GRMZM2G166218,Unknown protein
GRMZM2G174441,Unknown protein
GRMZM2G174819,Unknown protein
GRMZM2G176354,Unknown protein
GRMZM2G176548,Unknown protein
GRMZM2G177458,Unknown protein
GRMZM2G177991,Unknown protein
GRMZM2G179550,Unknown protein
GRMZM2G300119,Unknown protein
GRMZM2G309071,Unknown protein
GRMZM2G313104,Unknown protein
GRMZM2G329069,Unknown protein
GRMZM2G339866,Unknown protein
GRMZM2G349895,Unknown protein
GRMZM2G356839,Unknown protein
GRMZM2G364145,Unknown protein
GRMZM2G366910,Unknown protein
GRMZM2G371079,Unknown protein
GRMZM2G380738,Unknown protein
GRMZM2G404603,Unknown protein
GRMZM2G428216,Unknown protein
GRMZM2G430029,Unknown protein
GRMZM2G432266,Unknown protein
GRMZM2G467370,Unknown protein
GRMZM2G471517,Unknown protein
GRMZM2G475185,Unknown protein
GRMZM2G483490,Unknown protein
GRMZM2G483598,Unknown protein
GRMZM2G497131,Unknown protein
GRMZM2G570968,Unknown protein
GRMZM2G587231,Unknown protein
GRMZM2G701576,Unknown protein
GRMZM2G703772,Unknown protein
GRMZM5G801307,Unknown protein
GRMZM5G822376,Unknown protein
GRMZM5G857998,Unknown protein
GRMZM5G869564,Unknown protein
AC209626.2_FG013,Uroporphyrinogen-III synthase
GRMZM2G061941,VQ motif family protein
GRMZM2G122447,VQ motif family protein
GRMZM2G138370,VQ motif family protein
GRMZM2G322950,VQ motif family protein
GRMZM2G369742,VQ motif family protein
AC216067.3_FG002,V-type proton ATPase 16 kDa proteolipid subunit c1/c3/c5
GRMZM2G030216,WAT1-related protein
GRMZM2G042364,WAT1-related protein
GRMZM2G108537,WAT1-related protein
GRMZM2G114751,WAT1-related protein
AC209705.3_FG004,WD repeat-containing protein 7
GRMZM2G001805,"WGS project CAID00000000 data, contig chromosome 03"
GRMZM2G047791,"WGS project CAID00000000 data, contig chromosome 14"
GRMZM2G001661,"Wiscott-Aldrich syndrome, C-terminal"
GRMZM2G010909,"Wound-induced protein 1, putative, expressed"
GRMZM2G056772,"Wound-induced protein 1, putative, expressed"
GRMZM2G012724,WRKY transcription factor
GRMZM2G057116,WRKY transcription factor
GRMZM2G120320,WRKY transcription factor
GRMZM2G475984,WRKY transcription factor
GRMZM5G871347,WRKY transcription factor 1
GRMZM2G408462,WRKY transcription factor 15
GRMZM2G411766,WRKY transcription factor 15
GRMZM5G812272,WRKY transcription factor 16
GRMZM2G158328,WRKY transcription factor 18-like protein
GRMZM2G148561,WRKY transcription factor 25
GRMZM2G030272,WRKY transcription factor 33
GRMZM2G004060,WRKY transcription factor 45
GRMZM2G381378,WRKY transcription factor 47
GRMZM2G102583,WRKY transcription factor 51
GRMZM2G161411,WRKY transcription factor 60
GRMZM2G327349,WRKY transcription factor 6-like
GRMZM2G036703,WRKY transcription factor 70
GRMZM2G148087,WRKY transcription factor 70
GRMZM2G125653,WRKY transcription factor 76
GRMZM2G445634,ZIM motif family protein
AC210173.4_FG002,Zinc finger CCCH domain-containing protein
GRMZM2G044004,Zinc finger CCCH domain-containing protein
AC226373.2_FG010,Zinc finger CCCH domain-containing protein 36
GRMZM2G005000,Zinc finger family protein
GRMZM2G144346,Zinc finger protein CONSTANS-LIKE 16
GRMZM2G062885,Zinc finger protein CONSTANS-like protein
GRMZM2G155370,Zinc finger protein CONSTANS-like protein
GRMZM2G055135,Zinc finger protein LSD1
AC203366.4_FG001,Zinc finger-like
GRMZM2G105417,Zinc ion binding protein
GRMZM2G093276,Zinc transporter
GRMZM2G118821,Zinc transporter
GRMZM2G064382,Zinc transporter 4
AC217121.3_FG007,Zinc transporter 5
GRMZM2G035103,Zinc-finger protein 1
GRMZM2G400714,Zinc-finger protein 1
AC177838.2_FG012,
AC177892.2_FG003,
AC177907.4_FG006,
AC177922.2_FG001,
AC182606.4_FG001,
AC182622.3_FG001,
AC183318.3_FG001,
AC183906.3_FG001,
AC183950.2_FG006,
AC184780.3_FG003,
AC185279.3_FG002,
AC185414.3_FG002,
AC185442.3_FG002,
AC185464.3_FG003,
AC185468.3_FG002,
AC185530.2_FG003,
AC186013.3_FG002,
AC186287.7_FG003,
AC186510.3_FG004,
AC186607.3_FG003,
AC187212.3_FG004,
AC187218.4_FG001,
AC187266.3_FG001,
AC187809.3_FG006,
AC188129.4_FG001,
AC188134.2_FG012,
AC188752.3_FG006,
AC188752.3_FG011,
AC189792.3_FG002,
AC190485.1_FG002,
AC190530.2_FG002,
AC190909.3_FG003,
AC191324.3_FG002,
AC191387.3_FG002,
AC191428.3_FG002,
AC191518.2_FG003,
AC191572.3_FG004,
AC191759.3_FG003,
AC192263.2_FG006,
AC193518.3_FG005,
AC193575.2_FG003,
AC193592.3_FG006,
AC194022.3_FG012,
AC194057.3_FG005,
AC194059.3_FG002,
AC194090.3_FG001,
AC194135.3_FG008,
AC194232.3_FG001,
AC194268.3_FG003,
AC194695.3_FG003,
AC194702.3_FG003,
AC195059.3_FG003,
AC195785.3_FG005,
AC195951.2_FG014,
AC195958.3_FG003,
AC195995.3_FG009,
AC196124.2_FG002,
AC196154.3_FG012,
AC196727.2_FG001,
AC197005.3_FG003,
AC197197.2_FG001,
AC197235.3_FG006,
AC197382.4_FG002,
AC197387.3_FG002,
AC197429.3_FG003,
AC197568.3_FG005,
AC198118.4_FG001,
AC198177.3_FG001,
AC198350.3_FG002,
AC198371.3_FG012,
AC198518.3_FG001,
AC198871.3_FG001,
AC199346.3_FG003,
AC199506.2_FG005,
AC199842.4_FG007,
AC200140.3_FG002,
AC200145.3_FG004,
AC200174.2_FG001,
AC201771.3_FG007,
AC202086.2_FG003,
AC202120.3_FG003,
AC202387.3_FG004,
AC202432.3_FG007,
AC202445.4_FG004,
AC202985.3_FG006,
AC203090.3_FG001,
AC203313.3_FG001,
AC203398.3_FG001,
AC203847.3_FG003,
AC203935.3_FG005,
AC204345.3_FG003,
AC204706.2_FG001,
AC204880.3_FG002,
AC204940.3_FG005,
AC205008.4_FG001,
AC205052.4_FG004,
AC205246.2_FG005,
AC205471.4_FG002,
AC205502.4_FG001,
AC205960.4_FG002,
AC206217.2_FG009,
AC206836.3_FG001,
AC206853.3_FG002,
AC207022.4_FG002,
AC208031.3_FG003,
AC208077.3_FG004,
AC208433.4_FG003,
AC208559.3_FG006,
AC208907.3_FG005,
AC209259.3_FG002,
AC209428.2_FG005,
AC209696.3_FG002,
AC210023.3_FG008,
AC210609.1_FG007,
AC210785.3_FG002,
AC211907.3_FG006,
AC211914.3_FG002,
AC212023.4_FG007,
AC212100.3_FG001,
AC212102.3_FG006,
AC212404.3_FG005,
AC212404.3_FG006,
AC213618.3_FG005,
AC213623.3_FG002,
AC213829.2_FG005,
AC214039.3_FG005,
AC214298.3_FG003,
AC214298.3_FG004,
AC214430.2_FG003,
AC214501.2_FG005,
AC214793.3_FG002,
AC215927.2_FG001,
AC217301.3_FG004,
AC217991.3_FG001,
AC218012.3_FG004,
AC218972.3_FG008,
AC221037.3_FG001,
AC233785.2_FG001,
EF517601.1_FG003,
GRMZM2G000491,
GRMZM2G000790,
GRMZM2G001081,
GRMZM2G001358,
GRMZM2G001375,
GRMZM2G001427,
GRMZM2G001657,
GRMZM2G002307,
GRMZM2G002653,
GRMZM2G003433,
GRMZM2G004014,
GRMZM2G004067,
GRMZM2G006933,
GRMZM2G007354,
GRMZM2G009439,
GRMZM2G013311,
GRMZM2G015903,
GRMZM2G017754,
GRMZM2G028505,
GRMZM2G034488,
GRMZM2G034618,
GRMZM2G036711,
GRMZM2G036807,
GRMZM2G037454,
GRMZM2G037459,
GRMZM2G067448,
GRMZM2G071698,
GRMZM2G076938,
GRMZM2G090875,
GRMZM2G097075,
GRMZM2G100003,
GRMZM2G102961,
GRMZM2G113869,
GRMZM2G113875,
GRMZM2G114294,
GRMZM2G118298,
GRMZM2G124428,
GRMZM2G130191,
GRMZM2G137821,
GRMZM2G141260,
GRMZM2G150424,
GRMZM2G152611,
GRMZM2G174827,
GRMZM2G176155,
GRMZM2G176489,
GRMZM2G177758,
GRMZM2G180907,
GRMZM2G305839,
GRMZM2G320145,
GRMZM2G405573,
GRMZM2G413750,
GRMZM2G423193,
GRMZM2G474033,
GRMZM2G479029,
GRMZM2G482662,
GRMZM2G484859,
GRMZM2G512292,
GRMZM2G516153,
GRMZM2G567199,
GRMZM2G570970,
GRMZM2G587878,
GRMZM2G588266,
GRMZM2G589460,
GRMZM2G703378,
GRMZM5G801010,
GRMZM5G802761,
GRMZM5G804096,
GRMZM5G805911,
GRMZM5G807838,
GRMZM5G810109,
GRMZM5G814904,
GRMZM5G822902,
GRMZM5G831874,
GRMZM5G860612,
GRMZM5G878137,
GRMZM5G883626,
GRMZM5G885322,
GRMZM5G887877,
GRMZM6G056015,
GRMZM6G617209,
GRMZM6G735128,
